client_id,nom,prenom,email,date_naissance,sexe,ville,date_inscription
1,Nom1,Prenom1,user1@mail.com,1963-04-11,H,Ville7,2023-08-12
2,Nom2,Prenom2,user2@mail.com,1978-05-14,F,Ville33,2024-10-04
3,Nom3,Prenom3,user3@mail.com,1981-01-18,H,Ville46,2024-09-02
4,Nom4,Prenom4,user4@mail.com,1996-07-13,H,Ville4,2022-09-21
5,Nom5,Prenom5,user5@mail.com,1978-02-02,Autre,Ville29,2024-01-13
6,Nom6,Prenom6,user6@mail.com,2003-04-11,Autre,Ville38,2024-07-05
7,Nom7,Prenom7,user7@mail.com,1986-03-24,F,Ville16,2024-01-03
8,Nom8,Prenom8,user8@mail.com,1983-01-23,Autre,Ville20,2023-03-17
9,Nom9,Prenom9,user9@mail.com,1993-04-27,F,Ville44,2022-12-20
10,Nom10,Prenom10,user10@mail.com,1977-02-01,H,Ville24,2023-08-01
11,Nom11,Prenom11,user11@mail.com,1984-04-19,Autre,Ville48,2024-07-24
12,Nom12,Prenom12,user12@mail.com,1989-10-03,Autre,Ville43,2024-11-28
13,Nom13,Prenom13,user13@mail.com,1986-07-28,Autre,Ville46,2023-11-13
14,Nom14,Prenom14,user14@mail.com,1982-03-19,F,Ville14,2024-05-28
15,Nom15,Prenom15,user15@mail.com,1980-02-23,H,Ville22,2023-12-01
16,Nom16,Prenom16,user16@mail.com,1972-01-12,Autre,Ville19,2023-04-06
17,Nom17,Prenom17,user17@mail.com,1975-01-12,H,Ville38,2023-07-27
18,Nom18,Prenom18,user18@mail.com,2005-10-01,Autre,Ville35,2023-08-28
19,Nom19,Prenom19,user19@mail.com,1996-06-07,F,Ville28,2024-04-02
20,Nom20,Prenom20,user20@mail.com,1987-03-24,Autre,Ville13,2023-08-21
21,Nom21,Prenom21,user21@mail.com,1998-10-25,F,Ville23,2022-09-14
22,Nom22,Prenom22,user22@mail.com,1973-08-18,Autre,Ville8,2025-01-13
23,Nom23,Prenom23,user23@mail.com,2003-07-29,F,Ville13,2025-01-01
24,Nom24,Prenom24,user24@mail.com,1966-04-15,Autre,Ville24,2023-07-12
25,Nom25,Prenom25,user25@mail.com,1972-01-10,Autre,Ville16,2024-01-11
26,Nom26,Prenom26,user26@mail.com,2001-12-18,Autre,Ville17,2023-04-19
27,Nom27,Prenom27,user27@mail.com,2000-07-29,F,Ville36,2024-12-06
28,Nom28,Prenom28,user28@mail.com,1975-01-24,F,Ville33,2022-06-22
29,Nom29,Prenom29,user29@mail.com,1997-10-31,H,Ville43,2024-01-08
30,Nom30,Prenom30,user30@mail.com,1994-01-18,H,Ville8,2022-09-08
31,Nom31,Prenom31,user31@mail.com,1985-07-24,H,Ville14,2022-09-25
32,Nom32,Prenom32,user32@mail.com,1992-09-27,F,Ville48,2024-05-13
33,Nom33,Prenom33,user33@mail.com,1993-04-03,F,Ville20,2024-11-21
34,Nom34,Prenom34,user34@mail.com,2001-08-18,Autre,Ville12,2022-10-18
35,Nom35,Prenom35,user35@mail.com,1963-06-11,H,Ville11,2022-09-03
36,Nom36,Prenom36,user36@mail.com,1977-02-24,Autre,Ville39,2023-10-09
37,Nom37,Prenom37,user37@mail.com,1994-01-05,H,Ville18,2022-06-04
38,Nom38,Prenom38,user38@mail.com,1980-09-24,Autre,Ville39,2023-04-20
39,Nom39,Prenom39,user39@mail.com,1973-08-05,H,Ville25,2024-09-29
40,Nom40,Prenom40,user40@mail.com,1987-11-08,H,Ville26,2024-12-10
41,Nom41,Prenom41,user41@mail.com,1978-09-10,H,Ville27,2022-08-17
42,Nom42,Prenom42,user42@mail.com,1981-08-24,F,Ville20,2024-04-03
43,Nom43,Prenom43,user43@mail.com,2001-12-14,Autre,Ville8,2023-06-28
44,Nom44,Prenom44,user44@mail.com,1972-09-19,F,Ville42,2022-05-21
45,Nom45,Prenom45,user45@mail.com,1989-10-25,H,Ville38,2023-06-05
46,Nom46,Prenom46,user46@mail.com,1988-03-26,H,Ville15,2022-10-30
47,Nom47,Prenom47,user47@mail.com,1956-09-29,F,Ville44,2023-02-08
48,Nom48,Prenom48,user48@mail.com,1988-12-02,Autre,Ville34,2023-12-28
49,Nom49,Prenom49,user49@mail.com,1975-09-19,H,Ville34,2023-06-17
50,Nom50,Prenom50,user50@mail.com,1972-08-03,F,Ville34,2023-10-25
51,Nom51,Prenom51,user51@mail.com,1995-04-18,Autre,Ville24,2023-12-16
52,Nom52,Prenom52,user52@mail.com,1956-11-03,H,Ville39,2024-06-25
53,Nom53,Prenom53,user53@mail.com,1972-11-22,H,Ville29,2023-08-26
54,Nom54,Prenom54,user54@mail.com,1985-12-28,F,Ville16,2022-12-11
55,Nom55,Prenom55,user55@mail.com,1981-11-18,H,Ville41,2023-11-08
56,Nom56,Prenom56,user56@mail.com,1963-06-25,H,Ville33,2024-08-04
57,Nom57,Prenom57,user57@mail.com,1970-01-20,Autre,Ville3,2024-06-05
58,Nom58,Prenom58,user58@mail.com,1985-08-04,Autre,Ville27,2024-10-15
59,Nom59,Prenom59,user59@mail.com,1960-04-28,Autre,Ville25,2024-09-24
60,Nom60,Prenom60,user60@mail.com,1972-07-04,F,Ville34,2022-07-31
61,Nom61,Prenom61,user61@mail.com,2001-03-10,F,Ville43,2022-09-15
62,Nom62,Prenom62,user62@mail.com,1998-06-25,F,Ville24,2023-09-12
63,Nom63,Prenom63,user63@mail.com,1969-07-26,Autre,Ville10,2022-06-16
64,Nom64,Prenom64,user64@mail.com,2001-04-26,F,Ville12,2024-02-26
65,Nom65,Prenom65,user65@mail.com,1972-05-11,H,Ville40,2022-06-24
66,Nom66,Prenom66,user66@mail.com,1966-06-07,F,Ville25,2023-08-03
67,Nom67,Prenom67,user67@mail.com,1983-04-14,H,Ville30,2023-07-21
68,Nom68,Prenom68,user68@mail.com,2001-07-06,F,Ville20,2023-12-16
69,Nom69,Prenom69,user69@mail.com,1975-01-24,F,Ville26,2022-12-16
70,Nom70,Prenom70,user70@mail.com,1981-08-02,F,Ville1,2024-02-20
71,Nom71,Prenom71,user71@mail.com,2001-12-31,F,Ville28,2024-12-21
72,Nom72,Prenom72,user72@mail.com,1980-02-23,Autre,Ville32,2024-05-02
73,Nom73,Prenom73,user73@mail.com,1966-01-05,H,Ville35,2023-09-28
74,Nom74,Prenom74,user74@mail.com,1971-03-29,F,Ville26,2024-06-29
75,Nom75,Prenom75,user75@mail.com,1962-02-08,F,Ville39,2022-09-09
76,Nom76,Prenom76,user76@mail.com,1984-02-28,Autre,Ville23,2023-11-14
77,Nom77,Prenom77,user77@mail.com,1989-10-05,H,Ville10,2024-08-28
78,Nom78,Prenom78,user78@mail.com,1960-03-06,F,Ville43,2024-04-30
79,Nom79,Prenom79,user79@mail.com,1992-07-27,F,Ville27,2024-07-08
80,Nom80,Prenom80,user80@mail.com,1965-05-04,F,Ville46,2024-01-28
81,Nom81,Prenom81,user81@mail.com,1977-03-29,H,Ville35,2022-05-21
82,Nom82,Prenom82,user82@mail.com,1976-08-16,F,Ville16,2024-09-09
83,Nom83,Prenom83,user83@mail.com,1985-10-20,F,Ville6,2024-03-30
84,Nom84,Prenom84,user84@mail.com,1985-07-30,F,Ville8,2024-09-18
85,Nom85,Prenom85,user85@mail.com,1987-09-05,Autre,Ville48,2025-01-10
86,Nom86,Prenom86,user86@mail.com,1957-05-08,H,Ville17,2024-06-21
87,Nom87,Prenom87,user87@mail.com,2004-07-18,H,Ville1,2024-01-19
88,Nom88,Prenom88,user88@mail.com,1981-08-16,H,Ville5,2023-11-10
89,Nom89,Prenom89,user89@mail.com,1983-02-18,F,Ville23,2024-02-05
90,Nom90,Prenom90,user90@mail.com,1964-04-25,Autre,Ville41,2022-12-07
91,Nom91,Prenom91,user91@mail.com,1963-01-11,F,Ville28,2024-01-24
92,Nom92,Prenom92,user92@mail.com,1965-07-05,F,Ville22,2023-03-05
93,Nom93,Prenom93,user93@mail.com,1988-12-28,F,Ville16,2024-03-20
94,Nom94,Prenom94,user94@mail.com,1963-04-02,H,Ville1,2023-04-22
95,Nom95,Prenom95,user95@mail.com,2003-11-06,Autre,Ville12,2023-06-02
96,Nom96,Prenom96,user96@mail.com,1966-06-04,Autre,Ville27,2023-04-25
97,Nom97,Prenom97,user97@mail.com,1983-02-07,F,Ville10,2024-09-25
98,Nom98,Prenom98,user98@mail.com,1990-08-23,F,Ville45,2024-08-11
99,Nom99,Prenom99,user99@mail.com,1982-11-08,Autre,Ville7,2023-03-30
100,Nom100,Prenom100,user100@mail.com,2000-07-09,Autre,Ville29,2024-06-24
